model,MAE,RMSE,MASE,Bias
sarimax,38.05542803277794,65.73439184881254,0.9433461216139117,-4.972040731342125
foundation_model,38.6791515388186,78.28474575367466,0.9588074416094745,-33.68245331067888
sarimax_exog,39.687362092306316,65.77819942956795,0.9837997111638639,1.4580441722427102
feature_model,42.53692180391342,66.87329100142517,1.0544367067571465,0.8431809440491682
seasonal_naive_weekly,43.45734126984127,81.40888006825948,1.0772527458434267,-13.159722222222225
seasonal_naive_daily,48.30853174603175,85.56471876821426,1.1975076465893315,1.7509920634920606
mean,50.25809156123767,74.938304240935,1.2458347785018875,-3.2867615418027007
naive,85.55059523809524,110.38970919802894,2.1206914858533934,50.97718253968254
drift,85.8020893795971,110.67918975059628,2.1269257088081335,51.36792204027676
