p,d,q,seasonal_order,aic,bic,converged,fit_seconds,error
0,0,0,"(1, 1, 1, 24)",7494.130956454572,7512.166033002459,True,4.6,
0,0,1,"(1, 1, 1, 24)",7390.459725759177,7412.996114321102,True,5.2,
0,0,2,"(1, 1, 1, 24)",7311.777373773697,7338.812078134466,False,6.3,
0,0,3,"(1, 1, 1, 24)",7288.410250846777,7319.940268061533,False,7.4,
0,0,4,"(1, 1, 1, 24)",7271.0267437475395,7307.049064114864,False,9.3,
0,0,5,"(1, 1, 1, 24)",7259.059344946825,7299.570951981688,False,9.4,
0,0,6,"(1, 1, 1, 24)",7245.8647866369965,7290.862657043555,False,11.4,
0,1,0,"(1, 1, 1, 24)",7536.983621866274,7555.012732715814,True,4.7,
0,1,1,"(1, 1, 1, 24)",7310.949535525865,7333.478455826506,True,5.6,
0,1,2,"(1, 1, 1, 24)",7301.197232384191,7328.222961425411,True,5.5,
0,1,3,"(1, 1, 1, 24)",7273.206369716102,7304.725900037512,False,7.6,
0,1,4,"(1, 1, 1, 24)",7261.655317566763,7297.665634931086,True,6.8,
0,1,5,"(1, 1, 1, 24)",7250.790545821428,7291.288629187331,True,7.9,
0,1,6,"(1, 1, 1, 24)",7241.507163736844,7286.489985231608,False,10.8,
0,2,0,"(1, 1, 1, 24)",8239.83469421876,8257.857830459272,True,3.4,
0,2,1,"(1, 1, 1, 24)",7545.285778320978,7567.807219188661,False,6.4,
0,2,2,"(1, 1, 1, 24)",7562.0886032489925,7589.105343524487,False,9.4,
0,2,3,"(1, 1, 1, 24)",7464.508279321934,7496.017307015717,False,10.2,
0,2,4,"(1, 1, 1, 24)",7432.4637446939105,7468.462041019157,False,12.3,
0,2,5,"(1, 1, 1, 24)",7428.529273848538,7469.013813193826,False,15.6,
0,2,6,"(1, 1, 1, 24)",7392.925524676646,7437.893274578505,False,17.8,
1,0,0,"(1, 1, 1, 24)",7341.034699373558,7363.578545058417,False,4.3,
1,0,1,"(1, 1, 1, 24)",7284.42579294729,7311.4694592216,True,4.8,
1,0,2,"(1, 1, 1, 24)",7273.66387929813,7305.204367719028,False,6.8,
1,0,3,"(1, 1, 1, 24)",7264.167180618337,7300.20148600663,False,7.7,
1,0,4,"(1, 1, 1, 24)",7254.5779336450005,7295.103044058241,False,9.2,
1,0,5,"(1, 1, 1, 24)",7290.335586409414,7335.348483114818,False,9.4,
1,0,6,"(1, 1, 1, 24)",7280.767518128414,7330.265175575629,False,14.6,
1,1,0,"(1, 1, 1, 24)",7374.783847035727,7397.320235597653,True,4.1,
1,1,1,"(1, 1, 1, 24)",7314.258896539788,7341.293600900557,False,6.4,
1,1,2,"(1, 1, 1, 24)",7312.697392328595,7344.227409543351,False,7.4,
1,1,3,"(1, 1, 1, 24)",7346.776482595375,7382.7988029626995,False,10.2,
1,1,4,"(1, 1, 1, 24)",7266.26379455648,7306.775401591343,False,9.2,
1,1,5,"(1, 1, 1, 24)",7268.766717179664,7313.764587586223,False,16.7,
1,1,6,"(1, 1, 1, 24)",7245.753652277024,7295.234755921265,False,15.2,
1,2,0,"(1, 1, 1, 24)",7817.6020906412805,7840.131010941922,True,5.1,
1,2,1,"(1, 1, 1, 24)",7367.276818332721,7394.302547373941,False,8.5,
1,2,2,"(1, 1, 1, 24)",7491.244116435424,7522.763646756834,False,10.0,
1,2,3,"(1, 1, 1, 24)",7448.256950358149,7484.267267722472,False,11.0,
1,2,4,"(1, 1, 1, 24)",7443.652519432721,7484.150602798624,False,14.2,
1,2,5,"(1, 1, 1, 24)",7417.678499929265,7462.66132142403,False,16.9,
1,2,6,"(1, 1, 1, 24)",7382.7898095451255,7432.25433443717,False,20.9,
2,0,0,"(1, 1, 1, 24)",7282.9227433315355,7309.966409605846,True,5.0,
2,0,1,"(1, 1, 1, 24)",7283.384963894365,7314.93590788106,False,6.2,
2,0,2,"(1, 1, 1, 24)",7313.398478898911,7349.444751379937,False,9.3,
2,0,3,"(1, 1, 1, 24)",7322.623787583698,7363.162381145527,False,10.3,
2,0,4,"(1, 1, 1, 24)",7265.3504730583245,7310.378373517481,False,10.3,
2,0,5,"(1, 1, 1, 24)",7266.489596913732,7316.003783289677,False,11.8,
2,0,6,"(1, 1, 1, 24)",7280.4391914518355,7334.436635939705,False,12.2,
2,1,0,"(1, 1, 1, 24)",7346.21661593385,7373.251320294619,True,5.6,
2,1,1,"(1, 1, 1, 24)",7283.022777652064,7314.563266072962,False,7.8,
2,1,2,"(1, 1, 1, 24)",7374.191976802336,7410.22628219063,False,8.1,
2,1,3,"(1, 1, 1, 24)",7351.7926583077515,7392.317768720992,False,13.7,
2,1,4,"(1, 1, 1, 24)",7341.7654704299,7386.7783671353045,False,11.5,
2,1,5,"(1, 1, 1, 24)",7296.833839603012,7346.331497050227,False,16.4,
2,1,6,"(1, 1, 1, 24)",7292.864740095108,7346.844125888825,False,14.3,
2,2,0,"(1, 1, 1, 24)",7672.0571809918165,7699.082910033037,True,5.0,
2,2,1,"(1, 1, 1, 24)",7362.940706662779,7394.470723877535,False,6.9,
2,2,2,"(1, 1, 1, 24)",7477.103301972604,7513.125622339929,False,11.3,
2,2,3,"(1, 1, 1, 24)",7443.189745915234,7483.701352950097,False,9.7,
2,2,4,"(1, 1, 1, 24)",7436.639871503089,7481.637741909648,False,14.8,
2,2,5,"(1, 1, 1, 24)",7420.717286025443,7470.198389669684,False,14.1,
2,2,6,"(1, 1, 1, 24)",7381.255242615636,7435.216542497867,False,18.2,
3,0,0,"(1, 1, 1, 24)",7272.984095840775,7304.524584261672,True,7.0,
3,0,1,"(1, 1, 1, 24)",7324.725071720296,7360.771344201322,False,9.0,
3,0,2,"(1, 1, 1, 24)",7373.621661291425,7414.173717832579,False,10.2,
3,0,3,"(1, 1, 1, 24)",7318.3829901908675,7363.425871926234,False,12.4,
3,0,4,"(1, 1, 1, 24)",7259.5994502495,7309.130140754572,False,10.3,
3,0,5,"(1, 1, 1, 24)",7269.323435956932,7323.338912003417,False,12.2,
3,0,6,"(1, 1, 1, 24)",7303.970756245188,7362.4679877737135,False,18.9,
3,1,0,"(1, 1, 1, 24)",7321.6358839917275,7353.165901206484,False,7.1,
3,1,1,"(1, 1, 1, 24)",7274.96686280701,7311.001168195304,False,8.9,
3,1,2,"(1, 1, 1, 24)",7305.930648019549,7346.469241581379,False,11.7,
3,1,3,"(1, 1, 1, 24)",7350.3354414235155,7395.363341882672,False,11.3,
3,1,4,"(1, 1, 1, 24)",7348.276701254328,7397.790887630273,False,12.5,
3,1,5,"(1, 1, 1, 24)",7325.267489190128,7379.264933677998,False,15.7,
3,1,6,"(1, 1, 1, 24)",7309.852936120337,7368.330604063531,False,17.5,
3,2,0,"(1, 1, 1, 24)",7587.738797410606,7619.2583277320155,True,8.1,
3,2,1,"(1, 1, 1, 24)",7457.868006924705,7493.89032729203,False,12.3,
3,2,2,"(1, 1, 1, 24)",7461.577222205273,7502.102332618513,False,11.3,
3,2,3,"(1, 1, 1, 24)",7437.706227121645,7482.719123827049,False,11.5,
3,2,4,"(1, 1, 1, 24)",7434.198308453459,7483.695965900673,False,14.9,
3,2,5,"(1, 1, 1, 24)",7423.28325087147,7477.2626366651875,False,14.8,
3,2,6,"(1, 1, 1, 24)",7384.3083557345835,7442.766430607,False,20.8,
4,0,0,"(1, 1, 1, 24)",7263.542473077633,7299.5767784659265,True,7.2,
4,0,1,"(1, 1, 1, 24)",7322.427161898536,7362.9657554603655,False,9.2,
4,0,2,"(1, 1, 1, 24)",7346.077509261868,7391.120390997235,False,9.2,
4,0,3,"(1, 1, 1, 24)",7349.55086698298,7399.098036891883,False,11.7,
4,0,4,"(1, 1, 1, 24)",7315.650042134337,7369.6835226853245,False,11.8,
4,0,5,"(1, 1, 1, 24)",7313.541764471426,7372.058530188451,False,12.4,
4,0,6,"(1, 1, 1, 24)",7303.516595148003,7366.513613717185,False,17.3,
4,1,0,"(1, 1, 1, 24)",7300.2464392394695,7336.268759606794,False,10.0,
4,1,1,"(1, 1, 1, 24)",7354.359559778022,7394.884670191263,False,14.7,
4,1,2,"(1, 1, 1, 24)",7375.874255468707,7420.9021559278635,False,12.8,
4,1,3,"(1, 1, 1, 24)",7347.551644035409,7397.082334540481,False,15.5,
4,1,4,"(1, 1, 1, 24)",7363.477337657974,7417.492813704459,False,12.3,
4,1,5,"(1, 1, 1, 24)",7319.589448024775,7378.086679553301,False,14.8,
4,1,6,"(1, 1, 1, 24)",7319.273691401602,7382.2496414942725,False,16.4,
4,2,0,"(1, 1, 1, 24)",7518.348781384435,7554.359098748758,False,7.4,
4,2,1,"(1, 1, 1, 24)",7509.676838606889,7550.188445641752,False,10.5,
4,2,2,"(1, 1, 1, 24)",7474.178882814132,7519.191779519536,False,9.2,
4,2,3,"(1, 1, 1, 24)",7443.140869174495,7492.655055550439,False,12.1,
4,2,4,"(1, 1, 1, 24)",7431.536894489871,7485.534338977741,False,18.5,
4,2,5,"(1, 1, 1, 24)",7414.450867462589,7472.928535405782,False,17.1,
4,2,6,"(1, 1, 1, 24)",7382.784895414987,7445.739745277589,False,18.8,
5,0,0,"(1, 1, 1, 24)",7254.062580643328,7294.5876910565685,True,9.3,
5,0,1,"(1, 1, 1, 24)",7290.545425481159,7335.573325940316,False,12.7,
5,0,2,"(1, 1, 1, 24)",7320.876448587145,7370.407139092217,False,15.3,
5,0,3,"(1, 1, 1, 24)",7352.654214091326,7406.6876946423135,False,14.4,
5,0,4,"(1, 1, 1, 24)",7338.808693379449,7397.344963976352,False,12.9,
5,0,5,"(1, 1, 1, 24)",7326.0016733476405,7389.019728735206,False,15.7,
5,0,6,"(1, 1, 1, 24)",7304.486772113934,7371.983577723772,False,16.8,
5,1,0,"(1, 1, 1, 24)",7287.171919904226,7327.6835269390895,False,9.2,
5,1,1,"(1, 1, 1, 24)",7292.3666940221065,7337.379590727511,False,9.9,
5,1,2,"(1, 1, 1, 24)",7358.905826163929,7408.420012539874,False,11.0,
5,1,3,"(1, 1, 1, 24)",7359.514580067094,7413.530056113579,False,13.9,
5,1,4,"(1, 1, 1, 24)",7327.5607614543,7386.077527171325,False,17.7,
5,1,5,"(1, 1, 1, 24)",7332.909211129323,7395.906229698505,False,20.0,
5,1,6,"(1, 1, 1, 24)",7330.351872931751,7397.826105173897,False,19.3,
5,2,0,"(1, 1, 1, 24)",7472.894477539856,7513.392560905759,False,11.9,
5,2,1,"(1, 1, 1, 24)",7474.327301018235,7519.325171424794,False,14.6,
5,2,2,"(1, 1, 1, 24)",7455.133346769675,7504.63100421689,False,11.8,
5,2,3,"(1, 1, 1, 24)",7439.9721835326,7493.96962802047,False,16.6,
5,2,4,"(1, 1, 1, 24)",7420.5450723991435,7479.042303927669,False,24.0,
5,2,5,"(1, 1, 1, 24)",7411.548153180796,7474.524103273467,False,17.9,
5,2,6,"(1, 1, 1, 24)",7379.276461818941,7446.728086671729,False,22.6,
6,0,0,"(1, 1, 1, 24)",7246.229142210711,7291.242038916115,True,8.4,
6,0,1,"(1, 1, 1, 24)",7302.752664961741,7352.266851337686,False,11.6,
6,0,2,"(1, 1, 1, 24)",7323.883171719425,7377.89864776591,False,18.0,
6,0,3,"(1, 1, 1, 24)",14421.553047408332,14480.069813125358,False,16.4,
6,0,4,"(1, 1, 1, 24)",7297.856127295578,7360.874182683143,False,19.0,
6,0,5,"(1, 1, 1, 24)",7309.11728570718,7376.636630765285,False,18.0,
6,0,6,"(1, 1, 1, 24)",7310.36447790061,7382.361070551104,False,19.1,
6,1,0,"(1, 1, 1, 24)",7274.486342654569,7319.484213061128,False,12.8,
6,1,1,"(1, 1, 1, 24)",7309.027004810864,7358.524662258079,False,16.5,
6,1,2,"(1, 1, 1, 24)",7338.823793186286,7392.821237674156,False,20.1,
6,1,3,"(1, 1, 1, 24)",7367.965301572919,7426.462533101445,False,18.8,
6,1,4,"(1, 1, 1, 24)",7356.906549873394,7419.903568442576,False,19.6,
6,1,5,"(1, 1, 1, 24)",7330.128230820697,7397.625036430535,False,23.3,
6,1,6,"(1, 1, 1, 24)",7324.296411241174,7396.268925632797,False,17.0,
6,2,0,"(1, 1, 1, 24)",7416.974064757877,7461.956886252642,False,11.0,
6,2,1,"(1, 1, 1, 24)",7446.538934276659,7496.0200379209,False,16.0,
6,2,2,"(1, 1, 1, 24)",7451.003944817279,7504.983330610997,False,15.9,
6,2,3,"(1, 1, 1, 24)",7426.621321506623,7485.098989449816,False,16.8,
6,2,4,"(1, 1, 1, 24)",7414.992395759811,7477.968345852481,False,17.6,
6,2,5,"(1, 1, 1, 24)",7402.943831244134,7470.4180634862805,False,16.7,
6,2,6,"(1, 1, 1, 24)",7366.895935725465,7438.844335568439,False,25.9,
