model,MAE,RMSE,MASE,Bias,pct_MAE_vs_strongest_benchmark,beats_strongest_benchmark
sarimax,38.05542803277794,65.73439184881252,0.9433461216139117,-4.972040731342124,12.4,True
foundation_model,38.679151608134916,78.2847458301801,0.9588074433277386,-33.6824533204365,11.0,True
sarimax_exog,39.687362092306316,65.77819942956795,0.9837997111638639,1.4580441722427115,8.7,True
feature_model,42.536921803913415,66.87329100142516,1.0544367067571463,0.8431809440491723,2.1,True
seasonal_naive_weekly,43.45734126984127,81.40888006825948,1.0772527458434267,-13.159722222222223,0.0,False
seasonal_naive_daily,48.30853174603175,85.56471876821426,1.1975076465893315,1.7509920634920626,-11.2,False
mean,50.25809156123767,74.938304240935,1.2458347785018875,-3.2867615418026994,-15.6,False
naive,85.55059523809524,110.38970919802894,2.1206914858533934,50.97718253968254,-96.9,False
drift,85.80208937959709,110.67918975059628,2.1269257088081335,51.36792204027676,-97.4,False
